<?xml version="1.0" encoding="UTF-8"?>
<GenRun Id="NullHop_Accelerator_axi_gpio_rst_0_synth_1" LaunchPart="xc7z100ffg900-2" LaunchTime="1532788748">
  <File Type="PA-TCL" Name="NullHop_Accelerator_axi_gpio_rst_0.tcl"/>
  <File Type="REPORTS-TCL" Name="NullHop_Accelerator_axi_gpio_rst_0_reports.tcl"/>
  <File Type="RDS-RDS" Name="NullHop_Accelerator_axi_gpio_rst_0.vds"/>
  <File Type="RDS-UTIL" Name="NullHop_Accelerator_axi_gpio_rst_0_utilization_synth.rpt"/>
  <File Type="RDS-UTIL-PB" Name="NullHop_Accelerator_axi_gpio_rst_0_utilization_synth.pb"/>
  <File Type="RDS-DCP" Name="NullHop_Accelerator_axi_gpio_rst_0.dcp"/>
  <FileSet Name="sources" Type="BlockSrcs" RelSrcDir="$PSRCDIR/NullHop_Accelerator_axi_gpio_rst_0">
    <File Path="$PSRCDIR/sources_1/bd/NullHop_Accelerator/ip/NullHop_Accelerator_axi_gpio_rst_0/NullHop_Accelerator_axi_gpio_rst_0.xci">
      <FileInfo>
        <Attr Name="Library" Val="xil_defaultlib"/>
        <Attr Name="ImportPath" Val="$PPRDIR/../../../NullHopBrd/NullHop_Accelerator/NullHop_Accelerator.srcs/sources_1/bd/NullHop_Accelerator/ip/NullHop_Accelerator_axi_gpio_rst_0/NullHop_Accelerator_axi_gpio_rst_0.xci"/>
        <Attr Name="ImportTime" Val="1532788714"/>
        <Attr Name="UsedIn" Val="synthesis"/>
        <Attr Name="UsedIn" Val="implementation"/>
        <Attr Name="UsedIn" Val="simulation"/>
        <Attr Name="ProcessingOrder" Val="EARLY"/>
      </FileInfo>
    </File>
    <Config>
      <Option Name="TopModule" Val="NullHop_Accelerator_axi_gpio_rst_0"/>
      <Option Name="UseBlackboxStub" Val="1"/>
    </Config>
  </FileSet>
  <FileSet Name="constrs_in" Type="BlockSrcs" RelSrcDir="$PSRCDIR/NullHop_Accelerator_axi_gpio_rst_0">
    <File Path="$PSRCDIR/sources_1/bd/NullHop_Accelerator/ip/NullHop_Accelerator_axi_gpio_rst_0/NullHop_Accelerator_axi_gpio_rst_0.xci">
      <FileInfo>
        <Attr Name="Library" Val="xil_defaultlib"/>
        <Attr Name="ImportPath" Val="$PPRDIR/../../../NullHopBrd/NullHop_Accelerator/NullHop_Accelerator.srcs/sources_1/bd/NullHop_Accelerator/ip/NullHop_Accelerator_axi_gpio_rst_0/NullHop_Accelerator_axi_gpio_rst_0.xci"/>
        <Attr Name="ImportTime" Val="1532788714"/>
        <Attr Name="UsedIn" Val="synthesis"/>
        <Attr Name="UsedIn" Val="implementation"/>
        <Attr Name="UsedIn" Val="simulation"/>
        <Attr Name="ProcessingOrder" Val="EARLY"/>
      </FileInfo>
    </File>
    <Config>
      <Option Name="TopModule" Val="NullHop_Accelerator_axi_gpio_rst_0"/>
      <Option Name="UseBlackboxStub" Val="1"/>
    </Config>
  </FileSet>
  <Strategy Version="1" Minor="2">
    <StratHandle Name="Vivado Synthesis Defaults" Flow="Vivado Synthesis 2018"/>
    <Step Id="synth_design"/>
  </Strategy>
</GenRun>
