<?xml version="1.0" encoding="UTF-8"?>
<!-- Product Version: Vivado v2018.1 (64-bit)                     -->
<!--                                                              -->
<!-- Copyright 1986-2018 Xilinx, Inc. All Rights Reserved.        -->

<hwsession version="1" minor="2">
  <device name="xc7z100_1" gui_info=""/>
  <ObjectList object_type="hw_cfgmem" gui_info="">
    <Object name="" gui_info="">
      <Properties Property="PROGRAM.ADDRESS_RANGE" value="use_file"/>
      <Properties Property="PROGRAM.BIN_OFFSET" value="0"/>
      <Properties Property="PROGRAM.BLANK_CHECK" value="0"/>
      <Properties Property="PROGRAM.CFG_PROGRAM" value="1"/>
      <Properties Property="PROGRAM.CHECKSUM" value="0"/>
      <Properties Property="PROGRAM.ERASE" value="1"/>
      <Properties Property="PROGRAM.FILES" value="E:/PhD_project/Optical_Flow/ABMOF_FPGA/NullHop_sd_card/linux_image_kernel/BOOT.BIN"/>
      <Properties Property="PROGRAM.VERIFY" value="1"/>
      <Properties Property="PROGRAM.ZYNQ_FSBL" value="D:/Xilinx/my_SDx_platforms/npp_board/sw/linux/boot/fsbl.elf"/>
    </Object>
  </ObjectList>
  <ObjectList object_type="hw_device" gui_info="">
    <Object name="xc7z100_0" gui_info="">
      <Properties Property="PROGRAM.HW_BITSTREAM" value=""/>
      <Properties Property="PROGRAM.HW_CFGMEM_PART" value="s25fl128s-3.3v-qspi-x1-single"/>
    </Object>
    <Object name="xc7z100_1" gui_info="">
      <Properties Property="FULL_PROBES.FILE" value="$_project_name_.runs/impl_1/$_project_name__wrapper.ltx"/>
      <Properties Property="PROBES.FILE" value="$_project_name_.runs/impl_1/$_project_name__wrapper.ltx"/>
      <Properties Property="PROGRAM.HW_BITSTREAM" value="$_project_name_.runs/impl_1/$_project_name__wrapper.bit"/>
      <Properties Property="SLR.COUNT" value="1"/>
    </Object>
  </ObjectList>
  <probeset name="hw project" active="false">
    <probe type="ila" busType="bus" source="netlist" spec="ILA_V2_RT">
      <probeOptions Id="DebugProbeParams">
        <Option Id="CAPTURE_COMPARE_VALUE" value="eq3&apos;hX"/>
        <Option Id="COMPARE_VALUE.0" value="eq3&apos;hX"/>
        <Option Id="DISPLAY_AS_ENUM" value="1"/>
        <Option Id="DISPLAY_HINT" value=""/>
        <Option Id="DISPLAY_RADIX" value="HEX"/>
        <Option Id="DISPLAY_VISIBILITY" value=""/>
        <Option Id="HW_ILA" value="u_ila_0"/>
        <Option Id="LINK_TO_WAVEFORM" value="1"/>
        <Option Id="MAP" value="probe0[2:0]"/>
        <Option Id="NAME.CUSTOM" value=""/>
        <Option Id="NAME.SELECT" value="Long"/>
        <Option Id="SOURCE" value="netlist"/>
        <Option Id="TRIGGER_COMPARE_VALUE" value="eq3&apos;hX"/>
        <Option Id="WAVEFORM_STYLE" value="Digital"/>
      </probeOptions>
      <nets>
        <net name="leds_aer_b_tri_o_OBUF[2]"/>
        <net name="leds_aer_b_tri_o_OBUF[1]"/>
        <net name="leds_aer_b_tri_o_OBUF[0]"/>
      </nets>
    </probe>
  </probeset>
</hwsession>
