<?xml version="1.0" encoding="UTF-8"?>
<GenRun Id="synth_1" LaunchPart="xc7z100ffg900-2" LaunchTime="1532800645">
  <File Type="PA-TCL" Name="NullHop_Accelerator_wrapper.tcl"/>
  <File Type="REPORTS-TCL" Name="NullHop_Accelerator_wrapper_reports.tcl"/>
  <File Type="RDS-RDS" Name="NullHop_Accelerator_wrapper.vds"/>
  <File Type="RDS-UTIL" Name="NullHop_Accelerator_wrapper_utilization_synth.rpt"/>
  <File Type="RDS-UTIL-PB" Name="NullHop_Accelerator_wrapper_utilization_synth.pb"/>
  <File Type="RDS-DCP" Name="NullHop_Accelerator_wrapper.dcp"/>
  <FileSet Name="sources" Type="DesignSrcs" RelSrcDir="$PSRCDIR/sources_1">
    <Filter Type="Srcs"/>
    <File Path="$PSRCDIR/sources_1/bd/NullHop_Accelerator/NullHop_Accelerator.bd">
      <FileInfo>
        <Attr Name="Library" Val="xil_defaultlib"/>
        <Attr Name="ImportPath" Val="$PPRDIR/../../../NullHopBrd/NullHop_Accelerator/NullHop_Accelerator.srcs/sources_1/bd/NullHop_Accelerator/NullHop_Accelerator.bd"/>
        <Attr Name="ImportTime" Val="1532800553"/>
        <Attr Name="UsedIn" Val="synthesis"/>
        <Attr Name="UsedIn" Val="implementation"/>
        <Attr Name="UsedIn" Val="simulation"/>
      </FileInfo>
    </File>
    <File Path="$PSRCDIR/sources_1/imports/NullHopBrd/NullHop_Accelerator_wrapper.v">
      <FileInfo>
        <Attr Name="Library" Val="xil_defaultlib"/>
        <Attr Name="ImportPath" Val="$PPRDIR/../../../NullHopBrd/NullHop_Accelerator_wrapper.v"/>
        <Attr Name="ImportTime" Val="1531426155"/>
        <Attr Name="UsedIn" Val="synthesis"/>
        <Attr Name="UsedIn" Val="implementation"/>
        <Attr Name="UsedIn" Val="simulation"/>
      </FileInfo>
    </File>
    <Config>
      <Option Name="DesignMode" Val="RTL"/>
      <Option Name="TopModule" Val="NullHop_Accelerator_wrapper"/>
    </Config>
  </FileSet>
  <FileSet Name="constrs_in" Type="Constrs" RelSrcDir="$PSRCDIR/constrs_1">
    <Filter Type="Constrs"/>
    <File Path="$PSRCDIR/constrs_1/imports/NullHopBrd/constraints_soc_dock.xdc">
      <FileInfo>
        <Attr Name="Library" Val="xil_defaultlib"/>
        <Attr Name="ImportPath" Val="$PPRDIR/../../../NullHopBrd/constraints_soc_dock.xdc"/>
        <Attr Name="ImportTime" Val="1529592383"/>
        <Attr Name="UsedIn" Val="synthesis"/>
        <Attr Name="UsedIn" Val="implementation"/>
      </FileInfo>
    </File>
    <Config>
      <Option Name="TargetConstrsFile" Val="$PSRCDIR/constrs_1/imports/NullHopBrd/constraints_soc_dock.xdc"/>
      <Option Name="ConstrsType" Val="XDC"/>
    </Config>
  </FileSet>
  <Strategy Version="1" Minor="2">
    <StratHandle Name="Vivado Synthesis Defaults" Flow="Vivado Synthesis 2016"/>
    <Step Id="synth_design"/>
  </Strategy>
  <BlockFileSet Type="BlockSrcs" Name="NullHop_Accelerator_axi_gpio_1_0"/>
  <BlockFileSet Type="BlockSrcs" Name="NullHop_Accelerator_util_vector_logic_0_0"/>
  <BlockFileSet Type="BlockSrcs" Name="NullHop_Accelerator_processing_system7_1_0"/>
  <BlockFileSet Type="BlockSrcs" Name="NullHop_Accelerator_axi_gpio_rst_0"/>
  <BlockFileSet Type="BlockSrcs" Name="NullHop_Accelerator_axi_gpio_0_0"/>
  <BlockFileSet Type="BlockSrcs" Name="NullHop_Accelerator_axi_gpio_rst_general_0"/>
  <BlockFileSet Type="BlockSrcs" Name="NullHop_Accelerator_xlconcat_0_0"/>
  <BlockFileSet Type="BlockSrcs" Name="NullHop_Accelerator_proc_sys_reset_0"/>
  <BlockFileSet Type="BlockSrcs" Name="NullHop_Accelerator_rst_and_gate_0"/>
  <BlockFileSet Type="BlockSrcs" Name="NullHop_Accelerator_xlconstant_0_0"/>
  <BlockFileSet Type="BlockSrcs" Name="NullHop_Accelerator_xbar_1"/>
</GenRun>
