<?xml version="1.0" encoding="UTF-8"?>
<GenRun Id="impl_1" LaunchPart="xc7z100ffg900-2" LaunchTime="1532800645">
  <File Type="ROUTE-PWR" Name="NullHop_Accelerator_wrapper_power_routed.rpt"/>
  <File Type="PA-TCL" Name="NullHop_Accelerator_wrapper.tcl"/>
  <File Type="PWROPT-DCP" Name="NullHop_Accelerator_wrapper_pwropt.dcp"/>
  <File Type="ROUTE-PWR-SUM" Name="NullHop_Accelerator_wrapper_power_summary_routed.pb"/>
  <File Type="REPORTS-TCL" Name="NullHop_Accelerator_wrapper_reports.tcl"/>
  <File Type="BG-DRC" Name="NullHop_Accelerator_wrapper.drc"/>
  <File Type="OPT-HWDEF" Name="NullHop_Accelerator_wrapper.hwdef"/>
  <File Type="OPT-DCP" Name="NullHop_Accelerator_wrapper_opt.dcp"/>
  <File Type="OPT-DRC" Name="NullHop_Accelerator_wrapper_drc_opted.rpt"/>
  <File Type="PLACE-DCP" Name="NullHop_Accelerator_wrapper_placed.dcp"/>
  <File Type="PLACE-IO" Name="NullHop_Accelerator_wrapper_io_placed.rpt"/>
  <File Type="PLACE-UTIL" Name="NullHop_Accelerator_wrapper_utilization_placed.rpt"/>
  <File Type="PLACE-UTIL-PB" Name="NullHop_Accelerator_wrapper_utilization_placed.pb"/>
  <File Type="PLACE-CTRL" Name="NullHop_Accelerator_wrapper_control_sets_placed.rpt"/>
  <File Type="PLACE-PRE-SIMILARITY" Name="NullHop_Accelerator_wrapper_incremental_reuse_pre_placed.rpt"/>
  <File Type="POSTPLACE-PWROPT-DCP" Name="NullHop_Accelerator_wrapper_postplace_pwropt.dcp"/>
  <File Type="PHYSOPT-DCP" Name="NullHop_Accelerator_wrapper_physopt.dcp"/>
  <File Type="BG-BIT" Name="NullHop_Accelerator_wrapper.bit"/>
  <File Type="ROUTE-ERROR-DCP" Name="NullHop_Accelerator_wrapper_routed_error.dcp"/>
  <File Type="ROUTE-DCP" Name="NullHop_Accelerator_wrapper_routed.dcp"/>
  <File Type="ROUTE-BLACKBOX-DCP" Name="NullHop_Accelerator_wrapper_routed_bb.dcp"/>
  <File Type="ROUTE-DRC" Name="NullHop_Accelerator_wrapper_drc_routed.rpt"/>
  <File Type="ROUTE-DRC-PB" Name="NullHop_Accelerator_wrapper_drc_routed.pb"/>
  <File Type="ROUTE-DRC-RPX" Name="NullHop_Accelerator_wrapper_drc_routed.rpx"/>
  <File Type="BITSTR-MSK" Name="NullHop_Accelerator_wrapper.msk"/>
  <File Type="ROUTE-METHODOLOGY-DRC" Name="NullHop_Accelerator_wrapper_methodology_drc_routed.rpt"/>
  <File Type="BG-BGN" Name="NullHop_Accelerator_wrapper.bgn"/>
  <File Type="ROUTE-METHODOLOGY-DRC-RPX" Name="NullHop_Accelerator_wrapper_methodology_drc_routed.rpx"/>
  <File Type="BITSTR-RBT" Name="NullHop_Accelerator_wrapper.rbt"/>
  <File Type="ROUTE-METHODOLOGY-DRC-PB" Name="NullHop_Accelerator_wrapper_methodology_drc_routed.pb"/>
  <File Type="BG-BIN" Name="NullHop_Accelerator_wrapper.bin"/>
  <File Type="ROUTE-PWR-RPX" Name="NullHop_Accelerator_wrapper_power_routed.rpx"/>
  <File Type="ROUTE-STATUS" Name="NullHop_Accelerator_wrapper_route_status.rpt"/>
  <File Type="ROUTE-STATUS-PB" Name="NullHop_Accelerator_wrapper_route_status.pb"/>
  <File Type="ROUTE-TIMINGSUMMARY" Name="NullHop_Accelerator_wrapper_timing_summary_routed.rpt"/>
  <File Type="ROUTE-TIMING-PB" Name="NullHop_Accelerator_wrapper_timing_summary_routed.pb"/>
  <File Type="ROUTE-TIMING-RPX" Name="NullHop_Accelerator_wrapper_timing_summary_routed.rpx"/>
  <File Type="ROUTE-CLK" Name="NullHop_Accelerator_wrapper_clock_utilization_routed.rpt"/>
  <File Type="RDI-RDI" Name="NullHop_Accelerator_wrapper.vdi"/>
  <File Type="POSTROUTE-PHYSOPT-DCP" Name="NullHop_Accelerator_wrapper_postroute_physopt.dcp"/>
  <File Type="POSTROUTE-PHYSOPT-BLACKBOX-DCP" Name="NullHop_Accelerator_wrapper_postroute_physopt_bb.dcp"/>
  <File Type="BITSTR-NKY" Name="NullHop_Accelerator_wrapper.nky"/>
  <File Type="BITSTR-BMM" Name="NullHop_Accelerator_wrapper_bd.bmm"/>
  <File Type="BITSTR-MMI" Name="NullHop_Accelerator_wrapper.mmi"/>
  <File Type="BITSTR-LTX" Name="NullHop_Accelerator_wrapper.ltx"/>
  <File Type="BITSTR-SYSDEF" Name="NullHop_Accelerator_wrapper.sysdef"/>
  <File Type="WBT-USG" Name="usage_statistics_webtalk.html"/>
  <FileSet Name="sources" Type="DesignSrcs" RelSrcDir="$PSRCDIR/sources_1">
    <Filter Type="Srcs"/>
    <File Path="$PSRCDIR/sources_1/bd/NullHop_Accelerator/NullHop_Accelerator.bd">
      <FileInfo>
        <Attr Name="Library" Val="xil_defaultlib"/>
        <Attr Name="ImportPath" Val="$PPRDIR/../../../NullHopBrd/NullHop_Accelerator/NullHop_Accelerator.srcs/sources_1/bd/NullHop_Accelerator/NullHop_Accelerator.bd"/>
        <Attr Name="ImportTime" Val="1532800553"/>
        <Attr Name="UsedIn" Val="synthesis"/>
        <Attr Name="UsedIn" Val="implementation"/>
        <Attr Name="UsedIn" Val="simulation"/>
      </FileInfo>
    </File>
    <File Path="$PSRCDIR/sources_1/imports/NullHopBrd/NullHop_Accelerator_wrapper.v">
      <FileInfo>
        <Attr Name="Library" Val="xil_defaultlib"/>
        <Attr Name="ImportPath" Val="$PPRDIR/../../../NullHopBrd/NullHop_Accelerator_wrapper.v"/>
        <Attr Name="ImportTime" Val="1531426155"/>
        <Attr Name="UsedIn" Val="synthesis"/>
        <Attr Name="UsedIn" Val="implementation"/>
        <Attr Name="UsedIn" Val="simulation"/>
      </FileInfo>
    </File>
    <Config>
      <Option Name="DesignMode" Val="RTL"/>
      <Option Name="TopModule" Val="NullHop_Accelerator_wrapper"/>
    </Config>
  </FileSet>
  <FileSet Name="constrs_in" Type="Constrs" RelSrcDir="$PSRCDIR/constrs_1">
    <Filter Type="Constrs"/>
    <File Path="$PSRCDIR/constrs_1/imports/NullHopBrd/constraints_soc_dock.xdc">
      <FileInfo>
        <Attr Name="Library" Val="xil_defaultlib"/>
        <Attr Name="ImportPath" Val="$PPRDIR/../../../NullHopBrd/constraints_soc_dock.xdc"/>
        <Attr Name="ImportTime" Val="1529592383"/>
        <Attr Name="UsedIn" Val="synthesis"/>
        <Attr Name="UsedIn" Val="implementation"/>
      </FileInfo>
    </File>
    <Config>
      <Option Name="TargetConstrsFile" Val="$PSRCDIR/constrs_1/imports/NullHopBrd/constraints_soc_dock.xdc"/>
      <Option Name="ConstrsType" Val="XDC"/>
    </Config>
  </FileSet>
  <Strategy Version="1" Minor="2">
    <StratHandle Name="Vivado Implementation Defaults" Flow="Vivado Implementation 2016"/>
    <Step Id="init_design"/>
    <Step Id="opt_design"/>
    <Step Id="power_opt_design"/>
    <Step Id="place_design"/>
    <Step Id="post_place_power_opt_design"/>
    <Step Id="phys_opt_design"/>
    <Step Id="route_design"/>
    <Step Id="post_route_phys_opt_design"/>
    <Step Id="write_bitstream"/>
  </Strategy>
  <BlockFileSet Type="BlockSrcs" Name="NullHop_Accelerator_axi_gpio_1_0"/>
  <BlockFileSet Type="BlockSrcs" Name="NullHop_Accelerator_util_vector_logic_0_0"/>
  <BlockFileSet Type="BlockSrcs" Name="NullHop_Accelerator_processing_system7_1_0"/>
  <BlockFileSet Type="BlockSrcs" Name="NullHop_Accelerator_axi_gpio_rst_0"/>
  <BlockFileSet Type="BlockSrcs" Name="NullHop_Accelerator_axi_gpio_0_0"/>
  <BlockFileSet Type="BlockSrcs" Name="NullHop_Accelerator_axi_gpio_rst_general_0"/>
  <BlockFileSet Type="BlockSrcs" Name="NullHop_Accelerator_xlconcat_0_0"/>
  <BlockFileSet Type="BlockSrcs" Name="NullHop_Accelerator_proc_sys_reset_0"/>
  <BlockFileSet Type="BlockSrcs" Name="NullHop_Accelerator_rst_and_gate_0"/>
  <BlockFileSet Type="BlockSrcs" Name="NullHop_Accelerator_xlconstant_0_0"/>
  <BlockFileSet Type="BlockSrcs" Name="NullHop_Accelerator_xbar_1"/>
</GenRun>
